ID,creationtime
Jack吴公子,2020-07-23 08:03:03
人类世界的猫小姐,2020-07-23 08:02:27
开心的字母哥,2020-07-23 08:02:31
岁月无声B安,2020-07-23 08:02:51
-----鲸落,2020-07-23 08:02:37
密哥很酷,2020-07-23 08:03:05
欧气楪飞舞祈,2020-07-23 08:02:56
Euteamo-h,2020-07-23 08:02:56
清雨空山,2020-07-23 08:03:07
娱闻少女,2020-07-23 08:01:30
爱豆新闻,2020-07-23 08:01:52
一剪君,2020-07-23 08:14:42
娱乐扒圈圈圈,2020-07-23 08:18:34
潮流时尚主编,2020-07-23 08:15:52
娱乐圈小辣妹,2020-07-23 08:20:23
影视剧未央,2020-07-23 08:31:41
新剧,2020-07-23 08:31:53
追星狗,2020-07-23 08:34:55
剧探王,2020-07-23 08:40:02
剧星潮流,2020-07-23 08:43:57
女生穿搭秘籍,2020-07-23 08:48:55
猫少女的热剧匣子,2020-07-23 08:18:40
我要剧透啦,2020-07-23 08:55:57
全球时尚,2020-07-23 08:44:37
扒圈有鱼,2020-07-23 08:45:02
买买少女Yogril,2020-07-23 08:23:16
